{
  "_meta": {
    "gpu": "NVIDIA L40S",
    "cpu": "INTEL(R) XEON(R) GOLD 6542Y",
    "n_lib": 300,
    "n_cpu_pairs": 200,
    "gpu_batch": 4096,
    "n_unique_pairs_in_batch": 4096
  },
  "throughput": {
    "USRCAT": {
      "mean": 352906.9127491478,
      "std": 14008.011554858153,
      "max": 366939.506507459,
      "n": 200,
      "reps": 5
    },
    "RDKit O3A": {
      "mean": 73.88514173357412,
      "std": 0.024227167664834622,
      "max": 73.90793565948402,
      "n": 200,
      "reps": 3
    },
    "ESP-Sim": {
      "mean": 70.15797355881153,
      "std": 0.0377997260588766,
      "max": 70.20282604884268,
      "n": 200,
      "reps": 3
    },
    "fss (CPU) esp": {
      "mean": 2.0049148563086687,
      "std": 0.0,
      "max": 2.0049148563086687,
      "n": 16,
      "reps": 1
    },
    "fss (GPU) vol": {
      "mean": 32333.674768370816,
      "std": 11674.79962407787,
      "max": 38406.680483274366,
      "n": 4096,
      "reps": 5
    },
    "fss (GPU) surf": {
      "mean": 10408.477152162823,
      "std": 60.27886233457528,
      "max": 10475.45555653565,
      "n": 4096,
      "reps": 5
    },
    "fss (GPU) esp": {
      "mean": 3953.5828772739237,
      "std": 10.899600478600902,
      "max": 3960.490445251223,
      "n": 4096,
      "reps": 5
    },
    "fss (GPU) pharm": {
      "mean": 9455.514601220983,
      "std": 34.11400085600281,
      "max": 9494.298300344586,
      "n": 4096,
      "reps": 5
    }
  }
}