{
  "vol": {
    "seeds": 16,
    "steps": 40,
    "recovery": 0.9987255704965742,
    "tail_pct": 3.0,
    "ref_mean": 0.5956547600000001,
    "cost_pct_of_current": 35.55555555555556,
    "current": [
      18,
      100
    ]
  },
  "surf": {
    "seeds": 20,
    "steps": 40,
    "recovery": 0.9982928233081003,
    "tail_pct": 4.5,
    "ref_mean": 0.5826901250000001,
    "cost_pct_of_current": 40.0,
    "current": [
      20,
      100
    ]
  },
  "esp": {
    "seeds": 20,
    "steps": 40,
    "recovery": 0.9982910117271191,
    "tail_pct": 4.5,
    "ref_mean": 0.5790531250000001,
    "cost_pct_of_current": 20.0,
    "current": [
      40,
      100
    ]
  },
  "vol_esp": {
    "seeds": 16,
    "steps": 40,
    "recovery": 0.9982093014772365,
    "tail_pct": 4.5,
    "ref_mean": 0.48822846999999997,
    "cost_pct_of_current": 16.0,
    "current": [
      40,
      100
    ]
  },
  "esp_combo": {
    "seeds": 5,
    "steps": 40,
    "recovery": 0.9996536216804301,
    "tail_pct": 0.5,
    "ref_mean": 0.53354956,
    "cost_pct_of_current": 4.0,
    "current": [
      50,
      100
    ]
  },
  "pharm": {
    "seeds": 28,
    "steps": 70,
    "recovery": 0.9986423625104245,
    "tail_pct": 5.0,
    "ref_mean": 0.31510989,
    "cost_pct_of_current": 49.0,
    "current": [
      40,
      100
    ]
  },
  "vol_color": {
    "seeds": 20,
    "steps": 40,
    "recovery": 0.9981941644182751,
    "tail_pct": 3.0,
    "ref_mean": 0.43828741,
    "cost_pct_of_current": 20.0,
    "current": [
      40,
      100
    ]
  }
}